{"cameraMode":{"drawMode":0,"name":"Shaded","section":"Shading Mode"},"sceneLighting":false,"audioPlay":false,"sceneViewState":{"m_AlwaysRefresh":false,"showFog":true,"showSkybox":true,"showFlares":true,"showImageEffects":true,"showParticleSystems":true,"showVisualEffectGraphs":true,"m_FxEnabled":true},"in2DMode":false,"pivot":{"x":0.29120704531669619,"y":1.686489462852478,"z":-8.858524322509766},"rotation":{"x":0.00016184427659027278,"y":-0.9998770952224731,"z":0.017109636217355729,"w":0.005120270885527134},"size":1.6331642866134644,"orthographic":false}